id,name,email,created_at
1242ac2d-516d-4f04-913d-607f303c7421,User1,user1@example.com,2025-09-08 10:00:00+05:30
b5e94531-e948-44e1-9353-22df7989ed55,User2,user2@example.com,2025-09-08 10:01:00+05:30
a49f1ebc-49c6-43aa-8910-bf4489a22d69,User3,user3@example.com,2025-09-08 10:02:00+05:30
5a1dc1fa-1adc-4503-bbf9-6f44c7c957ff,User4,user4@example.com,2025-09-08 10:03:00+05:30
565e12c2-c053-41e2-8e59-f09589d7aefb,User5,user5@example.com,2025-09-08 10:04:00+05:30
b8b214ea-fe93-467d-8466-48bb57cd6b0f,User6,user6@example.com,2025-09-08 10:05:00+05:30
1259d432-bd6b-4271-8d94-03e5c7850637,User7,user7@example.com,2025-09-08 10:06:00+05:30
4a90dcad-66c3-46d2-a050-bd9ef4e5236d,User8,user8@example.com,2025-09-08 10:07:00+05:30
d122f237-4baa-4442-a130-96f22bdd4674,User9,user9@example.com,2025-09-08 10:08:00+05:30
52748056-e2f2-48bd-bad6-57b0969a0fdb,User10,user10@example.com,2025-09-08 10:09:00+05:30
dd60d0ea-7dee-49f4-9797-cdc91d463154,User11,user11@example.com,2025-09-08 10:10:00+05:30
6dc58433-706c-4289-a5ea-bdbd43ccb0bc,User12,user12@example.com,2025-09-08 10:11:00+05:30
80b1755c-306e-480b-9b90-6c295e73b909,User13,user13@example.com,2025-09-08 10:12:00+05:30
7a7326e9-f2e9-4f75-9f55-c18b46886e41,User14,user14@example.com,2025-09-08 10:13:00+05:30
38652649-80d9-498e-ae07-05adcbc98acc,User15,user15@example.com,2025-09-08 10:14:00+05:30
b84f1ae1-1327-48ea-9e01-c6721df625d2,User16,user16@example.com,2025-09-08 10:15:00+05:30
5b91159c-226a-4aed-b601-b98eb4583a82,User17,user17@example.com,2025-09-08 10:16:00+05:30
32f1607d-bc34-4655-833b-b755a0e04145,User18,user18@example.com,2025-09-08 10:17:00+05:30
015c91c2-e2eb-4f15-aa9a-6bdc2a733cf2,User19,user19@example.com,2025-09-08 10:18:00+05:30
9cff7841-e297-47ef-88cd-a7b20bd543b8,User20,user20@example.com,2025-09-08 10:19:00+05:30
8d6ea598-6ed8-4d75-b0df-01c11caef9a7,User21,user21@example.com,2025-09-08 10:20:00+05:30
fd1225a5-02e6-4a2c-8999-088aad4fbe88,User22,user22@example.com,2025-09-08 10:21:00+05:30
f7c4fbf3-3d42-4c20-aff5-2bff603d4427,User23,user23@example.com,2025-09-08 10:22:00+05:30
05a573fc-2e77-4493-87b1-4394c9943847,User24,user24@example.com,2025-09-08 10:23:00+05:30
8691a87d-80ff-46f7-8a84-20dd1183e221,User25,user25@example.com,2025-09-08 10:24:00+05:30
dc98f450-a3d8-402c-9bda-94d36d1c3221,User26,user26@example.com,2025-09-08 10:25:00+05:30
2875d7b0-9f35-4949-8b76-ee0cf46deaef,User27,user27@example.com,2025-09-08 10:26:00+05:30
734c5634-29bf-488d-8fc3-bc6db51b7b58,User28,user28@example.com,2025-09-08 10:27:00+05:30
de1dffd1-bf10-416f-9dad-9346615f7111,User29,user29@example.com,2025-09-08 10:28:00+05:30
72206444-8e6c-49e8-9f64-cd1ae0744bd4,User30,user30@example.com,2025-09-08 10:29:00+05:30
660881b9-f4f5-4dd0-a92f-ce9a51b78428,User31,user31@example.com,2025-09-08 10:30:00+05:30
f13b477b-6b91-4693-9d47-4e19c31f26ec,User32,user32@example.com,2025-09-08 10:31:00+05:30
4c8f7ecb-d7a9-4d1d-8a49-06090548bc1b,User33,user33@example.com,2025-09-08 10:32:00+05:30
22ea8727-4a2b-4268-b4f7-82aedada54ad,User34,user34@example.com,2025-09-08 10:33:00+05:30
e77d868f-6b65-40a5-a3d9-b99536555c5b,User35,user35@example.com,2025-09-08 10:34:00+05:30
008a8e14-013f-46d7-a371-ea484017c59b,User36,user36@example.com,2025-09-08 10:35:00+05:30
e34de569-87f2-489a-a1bb-5d0602d8ad91,User37,user37@example.com,2025-09-08 10:36:00+05:30
c82a9c5b-9969-4a47-85a8-c6122b55ea7a,User38,user38@example.com,2025-09-08 10:37:00+05:30
e0847006-7e0f-4980-8cd1-0ebe4c3f8c86,User39,user39@example.com,2025-09-08 10:38:00+05:30
602a6876-e078-45a1-9d24-f5f4aeb2d00e,User40,user40@example.com,2025-09-08 10:39:00+05:30
f40130fe-d571-45b6-9536-5fafb487f26e,User41,user41@example.com,2025-09-08 10:40:00+05:30
dd3bbb3c-ae7f-4863-934a-51623a167bb0,User42,user42@example.com,2025-09-08 10:41:00+05:30
98a0c30b-13e5-4246-8437-e7dc4d3dfc63,User43,user43@example.com,2025-09-08 10:42:00+05:30
40315ab4-59e4-4b81-afa0-b5bfba315005,User44,user44@example.com,2025-09-08 10:43:00+05:30
d9d16287-f3de-4fd6-b0bb-af8c07517b3d,User45,user45@example.com,2025-09-08 10:44:00+05:30
095d324c-dda3-4490-bce8-74a1228472b5,User46,user46@example.com,2025-09-08 10:45:00+05:30
b4260dfe-0ada-42c1-9c9b-77fcc80eda03,User47,user47@example.com,2025-09-08 10:46:00+05:30
79027e52-d1ee-4ced-b51a-b8d9662c80ea,User48,user48@example.com,2025-09-08 10:47:00+05:30
ce24e2aa-645e-49fd-8145-21dae9fd3f9c,User49,user49@example.com,2025-09-08 10:48:00+05:30
1b27acb9-3041-4016-88e7-f91da00e3a0d,User50,user50@example.com,2025-09-08 10:49:00+05:30
20d40c89-4378-463e-9b0b-c150730abe61,User51,user51@example.com,2025-09-08 10:50:00+05:30
7a619492-f267-48af-adf4-61dd4025146d,User52,user52@example.com,2025-09-08 10:51:00+05:30
69b766c5-ee49-446e-9d0f-03597aa654cb,User53,user53@example.com,2025-09-08 10:52:00+05:30
1f19dbdf-feae-4fcf-b00f-aae1bb9f57ce,User54,user54@example.com,2025-09-08 10:53:00+05:30
c1e7b100-3a30-400a-8435-a8d3f8978125,User55,user55@example.com,2025-09-08 10:54:00+05:30
54b1fb22-c69a-49c0-afc1-7ac631902fcc,User56,user56@example.com,2025-09-08 10:55:00+05:30
442794e6-94ac-4832-a9c5-e5453b194c3a,User57,user57@example.com,2025-09-08 10:56:00+05:30
cd322518-fbfb-4c68-9f37-4290c6960e62,User58,user58@example.com,2025-09-08 10:57:00+05:30
d916b980-323f-430b-a277-ba4ae90b7252,User59,user59@example.com,2025-09-08 10:58:00+05:30
c68e4b39-9d88-47bd-9b78-4a43f02fde4a,User60,user60@example.com,2025-09-08 10:59:00+05:30
e00a61f5-d657-4cbd-88fc-27bbd30ec363,User61,user61@example.com,2025-09-08 11:00:00+05:30
d4005f44-92cb-4287-ba21-4ca748c4d5a7,User62,user62@example.com,2025-09-08 11:01:00+05:30
39dc273a-2a67-471b-b27b-17ce8e38934d,User63,user63@example.com,2025-09-08 11:02:00+05:30
ce36b344-3a6d-4d9e-8c18-ea6e14326a28,User64,user64@example.com,2025-09-08 11:03:00+05:30
4e19c2c9-d2cd-4de9-9e6e-b1c2d82b8918,User65,user65@example.com,2025-09-08 11:04:00+05:30
1560437d-566e-4893-a6b1-c9f45bd0c427,User66,user66@example.com,2025-09-08 11:05:00+05:30
b4487b90-8cf1-4c25-b806-6e6f87a54ef3,User67,user67@example.com,2025-09-08 11:06:00+05:30
ba429bef-8a78-499d-a73d-b5cc6a6a094b,User68,user68@example.com,2025-09-08 11:07:00+05:30
f52e2902-e20f-4307-8972-f37489c561db,User69,user69@example.com,2025-09-08 11:08:00+05:30
bbb85c9f-0687-446f-a2cd-54b4571136e5,User70,user70@example.com,2025-09-08 11:09:00+05:30
c5cddad9-1dab-4d4b-ac9a-2b5047f6e1d7,User71,user71@example.com,2025-09-08 11:10:00+05:30
c3588f55-849a-4404-805d-90aa978561cc,User72,user72@example.com,2025-09-08 11:11:00+05:30
0e96872b-2d80-4375-b28e-290672422704,User73,user73@example.com,2025-09-08 11:12:00+05:30
1c0ce7b8-f389-4437-a5b1-204c427ae025,User74,user74@example.com,2025-09-08 11:13:00+05:30
abe7b6bb-9a05-4656-9e9c-b048f18532c6,User75,user75@example.com,2025-09-08 11:14:00+05:30
7761db61-5d0f-4beb-8019-8cf8c02c79e9,User76,user76@example.com,2025-09-08 11:15:00+05:30
f963b6a2-9a4b-43e7-9f3f-58920c08ba8b,User77,user77@example.com,2025-09-08 11:16:00+05:30
710a5867-7be0-45f5-a19f-d374e5f59ba9,User78,user78@example.com,2025-09-08 11:17:00+05:30
9201fa3c-b8b1-4429-b276-ed8c14dcd4e0,User79,user79@example.com,2025-09-08 11:18:00+05:30
60bcc9da-cc4f-4373-8245-224a5b88a5c2,User80,user80@example.com,2025-09-08 11:19:00+05:30
55b9fe65-6828-4893-b5c7-b3e9240b7243,User81,user81@example.com,2025-09-08 11:20:00+05:30
9edbf83a-b1da-4d9b-a036-1bd067e2189a,User82,user82@example.com,2025-09-08 11:21:00+05:30
9bad1398-9ec1-457e-94cd-50b6628b1270,User83,user83@example.com,2025-09-08 11:22:00+05:30
6dcd0d7e-e1b3-404a-84fb-c2bb16614b7d,User84,user84@example.com,2025-09-08 11:23:00+05:30
0088759e-27f6-417d-9c77-ff2987924ed9,User85,user85@example.com,2025-09-08 11:24:00+05:30
0a735e51-37a4-4484-949c-4e4d38a17c42,User86,user86@example.com,2025-09-08 11:25:00+05:30
f3d24f39-dccb-44b7-90e1-d3b3bdfdd7e6,User87,user87@example.com,2025-09-08 11:26:00+05:30
266c7ebb-13d8-4c18-8182-eda87078a0ea,User88,user88@example.com,2025-09-08 11:27:00+05:30
88aede1d-39ae-4ff2-81a9-748e0c2e08dc,User89,user89@example.com,2025-09-08 11:28:00+05:30
bac4d44f-108e-49c6-b6ea-3b6fd7bb1a1e,User90,user90@example.com,2025-09-08 11:29:00+05:30
5c4cb14b-1033-40cf-95d1-c9fcaa208f6f,User91,user91@example.com,2025-09-08 11:30:00+05:30
6c1e6be7-d09c-4709-8200-cd4b6aeba2d6,User92,user92@example.com,2025-09-08 11:31:00+05:30
f2a7df9b-afce-4115-bfa7-bb87b8c6195d,User93,user93@example.com,2025-09-08 11:32:00+05:30
7d0130ed-b712-416a-b873-49751dc7fb07,User94,user94@example.com,2025-09-08 11:33:00+05:30
2c15c15d-c0a1-45e4-9bb8-9e935b8aa67f,User95,user95@example.com,2025-09-08 11:34:00+05:30
5d8d4a10-2015-47c7-a9f5-b1e895c53f6c,User96,user96@example.com,2025-09-08 11:35:00+05:30
53b18ae3-18c4-4b96-846e-57aa806f5e32,User97,user97@example.com,2025-09-08 11:36:00+05:30
1a153077-1364-4a1c-90fa-f4834857baef,User98,user98@example.com,2025-09-08 11:37:00+05:30
874c9581-af1f-4366-8959-e9a835983806,User99,user99@example.com,2025-09-08 11:38:00+05:30
04d42432-b635-4ae9-b55e-812cd035894d,User100,user100@example.com,2025-09-08 11:39:00+05:30
